{
    "@class": "com.kony.gen.viz.model.component.KVizButton",
    "DNDConfig": null,
    "__parentReadjusting__": false,
    "_height_": {
        "type": "string",
        "value": "50dp"
    },
    "_left_": {
        "type": "string",
        "value": "36dp"
    },
    "_margin_": [
        6,
        6,
        6,
        6
    ],
    "_padding_": [
        0,
        0,
        0,
        0
    ],
    "_skin_": "sbabfae4d0af4d638f233b7490ae721f",
    "_text_": "Login",
    "_top_": {
        "type": "string",
        "value": "15dp"
    },
    "_width_": {
        "type": "string",
        "value": "50%"
    },
    "canUpdateUI": true,
    "centerx": {
        "type": "string",
        "value": "50%"
    },
    "containerweight": 100,
    "contentalignment": 5,
    "displaytext": true,
    "focusskin": "scac2b34443f4ec99ca2406caf3b9f5e",
    "id": "btnLogin",
    "info": null,
    "iscustomlayout": false,
    "isvisible": true,
    "kuid": "ea01aab440e54b479dc651e14ebbefa4",
    "name": "kony.ui.Button",
    "onclick": "AS_Button_j6c8fdcd20e949ef997a40132edbd95c",
    "parent": "FlexContainer0ab4f60fd892d42",
    "pf": "frmLogin",
    "retaincontentalignment": false,
    "retainflexpositionproperties": false,
    "wType": "Button",
    "zindex": 1
}