{
    "@class": "com.kony.gen.viz.model.component.KVizSwitch",
    "DNDConfig": null,
    "__parentReadjusting__": false,
    "_height_": {
        "type": "string",
        "value": "32dp"
    },
    "_left_": {
        "type": "string",
        "value": "170dp"
    },
    "_margin_": [
        0,
        0,
        0,
        0
    ],
    "_padding_": [
        0,
        0,
        0,
        0
    ],
    "_skin_": "sf2cbcee4a1f4eaab7827cd4b7ec4f53",
    "_top_": {
        "type": "string",
        "value": "20dp"
    },
    "_width_": {
        "type": "string",
        "value": "100dp"
    },
    "canUpdateUI": true,
    "containerweight": 100,
    "id": "Switch0i23eb155d2e044",
    "info": null,
    "iscustomlayout": false,
    "isvisible": true,
    "kiosk": {
        "render": false
    },
    "kuid": "ba0acf7889f84720bcb284fc5617c4d6",
    "leftsidetext": "ON",
    "name": "kony.ui.Switch",
    "onslide": null,
    "osPlatform": "iphone",
    "osVersion": "iOS7",
    "parent": "FlexContainer0cca8738ed12b42",
    "pf": "frmLogin",
    "retaincontentalignment": false,
    "retainflexpositionproperties": false,
    "rightsidetext": "OFF",
    "selectedindex": 0,
    "wType": "Switch",
    "widgetalignment": 5,
    "zindex": 1
}