{
    "DNDConfig": null,
    "__parentReadjusting__": false,
    "_height_": {
        "type": "string",
        "value": "73%"
    },
    "_left_": {
        "type": "string",
        "value": "0dp"
    },
    "_margin_": [
        0,
        0,
        0,
        0
    ],
    "_orientation_": 6,
    "_padding_": [
        0,
        0,
        0,
        0
    ],
    "_percent_": true,
    "_skin_": "sc9b364c768a416fa31ea074042629ca",
    "_top_": {
        "type": "string",
        "value": "25%"
    },
    "_width_": {
        "type": "string",
        "value": "100%"
    },
    "allboxes": [],
    "autogrowmode": 0,
    "canUpdateUI": true,
    "children": [
        "FlexContainer0ade72a64eb2740",
        "FlexContainer0d60296ee17e24d",
        "CopyFlexContainer0e0bb9866b32f41",
        "CopyFlexContainer0be18e0210e3e42",
        "CopyFlexContainer0gbe02d98dde141",
        "CopyFlexContainer0c4693cad25c14a",
        "CopyFlexContainer0bb0db0916eaf47",
        "CopyFlexContainer0d187d1f830cf40",
        "FlexContainer0h59f30e450b14a",
        "CopyFlexContainer0iec1769977034c",
        "CopyFlexContainer0bcbe6cf98a0241"
    ],
    "clipbounds": true,
    "containerweight": 100,
    "enablescrolling": true,
    "id": "FlexContainer0d416e0dde7ab45",
    "info": null,
    "iscustomlayout": false,
    "isvisible": true,
    "kuid": "ed1d571c4973426bbac6b5a49d80a969",
    "layouttype": 2,
    "name": "kony.ui.FlexContainer",
    "parent": "Form1",
    "pf": "Form1",
    "retaincontentalignment": false,
    "retainflexpositionproperties": false,
    "retainflowhorizontalalignment": false,
    "snapgridsize": 10,
    "snaptogrid": true,
    "wType": "FlexContainer",
    "widgetalignment": 1,
    "zindex": 1
}