{
    "AS_Button_ef065b8178fb4527becda8c37bd7a07c": {
        "id": "AS_Button_ef065b8178fb4527becda8c37bd7a07c",
        "type": "ACTION_SEQUENCE",
        "params": [{
            "datatype": "collection",
            "name": "eventobject"
        }],
        "contextObj": {
            "name": "frmLogin",
            "type": "forms",
            "platform": "",
            "KUID": "d0b49fdf161540fbab5c49f954a6169f"
        },
        "language": "js",
        "actions": [{
            "id": "INVOKE_FUNCTION___bd97dae235794ba0b260dcdb441f60cd",
            "type": "INVOKE_FUNCTION",
            "sequenceKUID": "validateUser",
            "display": "validateUser",
            "inputparams": [],
            "parentId": null,
            "callbackType": null,
            "disabled": null,
            "source": "module"
        }, {
            "id": "NAVIGATE_TO_FORM___efa1923da857491e99047c149972411b",
            "type": "NAVIGATE_TO_FORM",
            "formId": "Form1",
            "formKUID": "j0cfd7219fb5425388aef714b20f2e00",
            "mappings": {},
            "mappingsOrder": [],
            "parentId": "",
            "callbackType": null,
            "enableMappingEditor": true,
            "package": ""
        }]
    }
}