{
    "AS_Button_d446fb4f111c4f7f85c95158df23bb30": {
        "id": "AS_Button_d446fb4f111c4f7f85c95158df23bb30",
        "type": "ACTION_SEQUENCE",
        "params": [{
            "datatype": "collection",
            "name": "eventobject"
        }],
        "language": "js",
        "actions": [{
            "id": "INVOKE_FUNCTION__onClick_bff6fcc430044039a2138fb8d7de366a",
            "type": "INVOKE_FUNCTION",
            "sequenceKUID": "validateUser",
            "display": "validateUser",
            "inputparams": [],
            "callbackType": null,
            "disabled": null,
            "source": "module"
        }, {
            "id": "NAVIGATE_TO_FORM__onClick_bc55ff3d72cd4fc094db97a8707761a4",
            "type": "NAVIGATE_TO_FORM",
            "formId": "Form1",
            "formKUID": "j0cfd7219fb5425388aef714b20f2e00",
            "mappings": {},
            "mappingsOrder": [],
            "parentId": "",
            "callbackType": null,
            "enableMappingEditor": true,
            "package": ""
        }]
    }
}