{
    "AS_Button_j6c8fdcd20e949ef997a40132edbd95c": {
        "id": "AS_Button_j6c8fdcd20e949ef997a40132edbd95c",
        "type": "ACTION_SEQUENCE",
        "params": [{
            "datatype": "collection",
            "name": "eventobject"
        }],
        "language": "js",
        "actions": [{
            "id": "INVOKE_FUNCTION__onClick_e83d392c4df7432398c41d7433cee3d2",
            "type": "INVOKE_FUNCTION",
            "sequenceKUID": "validateUser",
            "display": "validateUser",
            "inputparams": [],
            "callbackType": null,
            "disabled": null,
            "source": "module"
        }, {
            "id": "NAVIGATE_TO_FORM__onClick_g681af09092f43c49f3c94292097d160",
            "type": "NAVIGATE_TO_FORM",
            "formId": "Form1",
            "formKUID": "j0cfd7219fb5425388aef714b20f2e00",
            "mappings": {},
            "mappingsOrder": [],
            "parentId": "",
            "callbackType": null,
            "enableMappingEditor": true,
            "package": ""
        }]
    }
}