{
    "AS_Form_d9518c3ab2b047a39b3ff76e3c4665d8": {
        "id": "AS_Form_d9518c3ab2b047a39b3ff76e3c4665d8",
        "type": "ACTION_SEQUENCE",
        "params": [{
            "datatype": "collection",
            "name": "eventobject"
        }],
        "contextObj": {
            "name": "frmLogin",
            "type": "forms",
            "platform": "",
            "KUID": "d0b49fdf161540fbab5c49f954a6169f"
        },
        "language": "js",
        "actions": [{
            "id": "ADD_SNIPPET__j672e50fd1244379a49da8cc006bcd83",
            "type": "ADD_SNIPPET",
            "codeSnippet": "frmLogin.txtUserName.text = \"\";\nfrmLogin.txtPassword.text = \"\"; ",
            "parentId": null,
            "callbackType": null
        }]
    }
}