{
    "AS_Form_ifd4ad78b5f54d28bbd27ea3fdf00330": {
        "id": "AS_Form_ifd4ad78b5f54d28bbd27ea3fdf00330",
        "type": "ACTION_SEQUENCE",
        "params": [{
            "datatype": "collection",
            "name": "eventobject"
        }],
        "contextObj": {
            "name": "frmLogin",
            "type": "forms",
            "platform": "",
            "KUID": "d0b49fdf161540fbab5c49f954a6169f"
        },
        "language": "js",
        "actions": [{
            "id": "ADD_SNIPPET__fdd2b2cbe06a4fa492cd8786917df254",
            "type": "ADD_SNIPPET",
            "codeSnippet": "frmLogin.btnLogin.onClick = function chkUser() { validateUser(); }; ",
            "parentId": null,
            "callbackType": null
        }]
    }
}